{
  "Erzgebirge Aue": "FC Erzgebirge Aue",
  "VfL Wolfsburg": "VfL Wolfsburg",
  "Borussia Dortmund": "Borussia Dortmund",
  "1.FC Nürnberg": "1.FC Nürnberg",
  "SV Werder Bremen": "SV Werder Bremen",
  "Hertha BSC": "Hertha BSC",
  "1.FSV Mainz 05": "1.FSV Mainz 05",
  "TSG Hoffenheim": "TSG Hoffenheim",
  "VfL Bochum": "VfL Bochum",
  "SC Freiburg": "SC Freiburg",
  "FC St.Pauli": "FC St.Pauli",
  "Rot-Weiss Oberhausen": "Rot-Weiss Oberhausen",
  "Karlsruher SC": "Karlsruher SC",
  "1.FC Kaiserslautern": "1.FC Kaiserslautern",
  "Fortuna Düsseldorf": "Fortuna Düsseldorf",
  "FSV Frankfurt": "FSV Frankfurt",
  "Energie Cottbus": "Energie Cottbus",
  "TSV 1860 München": "TSV 1860 München",
  "Arminia Bielefeld": "Arminia Bielefeld",
  "FC Bayern München": "FC Bayern München",
  "VfB Stuttgart": "VfB Stuttgart",
  "Hamburger SV": "Hamburger SV",
  "Bayer 04 Leverkusen": "Bayer 04 Leverkusen",
  "Hannover 96": "Hannover 96",
  "Eintracht Frankfurt": "Eintracht Frankfurt",
  "1.FC Köln": "1.FC Köln",
  "Borussia Mönchengladbach": "Borussia Mönchengladbach",
  "FC Schalke 04": "FC Schalke 04",
  "SpVgg Greuther Fürth": "SpVgg Greuther Fürth",
  "SC Paderborn 07": "SC Paderborn 07",
  "MSV Duisburg": "MSV Duisburg",
  "Hansa Rostock": "Hansa Rostock",
  "1.FC Union Berlin": "1.FC Union Berlin",
  "Rot-Weiss Ahlen": "Rot-Weiss Ahlen",
  "FC Augsburg": "FC Augsburg",
  "TuS Koblenz": "TuS Koblenz",
  "Alemannia Aachen": "Alemannia Aachen",
  "FC Ingolstadt 04": "FC Ingolstadt 04",
  "VfL Osnabrück": "VfL Osnabrück",
  "Eintracht Braunschweig": "Eintracht Braunschweig",
  "TSG 1899 Hoffenheim": "TSG 1899 Hoffenheim",
  "Dynamo Dresden": "Dynamo Dresden",
  "FC Erzgebirge Aue": "FC Erzgebirge Aue",
  "SV Sandhausen": "SV Sandhausen",
  "VfR Aalen": "VfR Aalen",
  "Jahn Regensburg": "Jahn Regensburg",
  "RB Leipzig": "RB Leipzig",
  "1.FC Heidenheim 1846": "1.FC Heidenheim 1846",
  "SV Darmstadt 98": "SV Darmstadt 98",
  "Holstein Kiel": "Holstein Kiel",
  "1.FC Magdeburg": "1.FC Magdeburg",
  "SV Wehen Wiesbaden": "SV Wehen Wiesbaden",
  "Würzburger Kickers": "Würzburger Kickers"
}